{
    "roc_auc_base": 0.6900425118839815,
    "brier_base": 0.23123740646381455,
    "roc_auc_calibrated": 0.6900425118839815,
    "brier_calibrated": 0.18881873214659364,
    "precision_at_0.5": 0.5739892105110506,
    "recall_at_0.5": 0.21671521496309598,
    "f0.5_at_0.5": 0.43166252235745756
}