{
    "base_roc_auc": 0.6837798944328508,
    "base_brier": 0.23271081556635728,
    "base_precision@0.5": 0.4231265770788099,
    "base_recall@0.5": 0.6468556562303759,
    "base_f0.5@0.5": 0.45457124484623823,
    "cal_roc_auc": 0.6837798944328508,
    "cal_brier": 0.19318020767882554,
    "cal_precision@0.5": 0.5706154393454287,
    "cal_recall@0.5": 0.21584282766663676,
    "cal_f0.5@0.5": 0.42944347267340166
}