{
    "roc_auc_base": 0.6983851856926709,
    "brier_base": 0.23005002976175157,
    "roc_auc_calibrated": 0.6983851856926709,
    "brier_calibrated": 0.1925589711541462,
    "precision_at_0.5": 0.5924319335486848,
    "recall_at_0.5": 0.26408573838273713,
    "f0.5_at_0.5": 0.4744517454709408
}