{
    "roc_auc_base": 0.6868703594330385,
    "brier_base": 0.2320748401011922,
    "roc_auc_calibrated": 0.6868703594330385,
    "brier_calibrated": 0.19147455134150007,
    "precision_at_0.5": 0.5714532076339388,
    "recall_at_0.5": 0.21665032145581345,
    "f0.5_at_0.5": 0.43046185556296496
}