{
    "roc_auc_base": 0.6950599447594821,
    "brier_base": 0.23084530524218969,
    "roc_auc_calibrated": 0.6950599447594821,
    "brier_calibrated": 0.19404905216384843,
    "precision_at_0.5": 0.594983847810481,
    "recall_at_0.5": 0.266023390639732,
    "f0.5_at_0.5": 0.4770109567557068
}