{
    "roc_auc_base": 0.7678076037216797,
    "brier_base": 0.19914937770290247,
    "roc_auc_calibrated": 0.7678076037216797,
    "brier_calibrated": 0.1495760740774783,
    "precision_at_0.5": 0.6373534338358459,
    "recall_at_0.5": 0.31616119651017865,
    "f0.5_at_0.5": 0.5297229569817625
}