{
    "roc_auc_base": 0.6947147764125624,
    "brier_base": 0.23247293104110836,
    "roc_auc_calibrated": 0.6947147764125624,
    "brier_calibrated": 0.19358375064448288,
    "precision_at_0.5": 0.594606484536536,
    "recall_at_0.5": 0.2626608107582883,
    "f0.5_at_0.5": 0.474638648143726
}