{
    "roc_auc_base": 0.7716376434622878,
    "brier_base": 0.20029843617823156,
    "roc_auc_calibrated": 0.7716376434622878,
    "brier_calibrated": 0.14844028413316185,
    "precision_at_0.5": 0.6374454581515272,
    "recall_at_0.5": 0.3335408883354089,
    "f0.5_at_0.5": 0.5391893705542881
}