{
    "roc_auc_base": 0.6902022882053596,
    "brier_base": 0.2312299724568048,
    "roc_auc_calibrated": 0.6902022882053596,
    "brier_calibrated": 0.18869379949065906,
    "precision_at_0.5": 0.5738590175357101,
    "recall_at_0.5": 0.21666118601337278,
    "f0.5_at_0.5": 0.43156074513331527
}