{
    "base_roc_auc": 0.7381676828897062,
    "base_brier": 0.21909934033814948,
    "base_precision@0.5": 0.49570821652553393,
    "base_recall@0.5": 0.7764247883753564,
    "base_f0.5@0.5": 0.5343468643882987,
    "cal_roc_auc": 0.7381676828897062,
    "cal_brier": 0.19370036175755095,
    "cal_precision@0.5": 0.6409521078290794,
    "cal_recall@0.5": 0.40468969263500976,
    "cal_f0.5@0.5": 0.5739378298216555
}