{
    "roc_auc_base": 0.6853918253108735,
    "brier_base": 0.23240992174932804,
    "roc_auc_calibrated": 0.6853918253108735,
    "brier_calibrated": 0.19221692342354102,
    "precision_at_0.5": 0.571749913484831,
    "recall_at_0.5": 0.21677709987097904,
    "f0.5_at_0.5": 0.4306966397580834
}