{
    "roc_auc_base": 0.6851937828333994,
    "brier_base": 0.23164378009103087,
    "roc_auc_calibrated": 0.6851937828333994,
    "brier_calibrated": 0.19290442861391213,
    "precision_at_0.5": 0.5741173786573889,
    "recall_at_0.5": 0.21941277764457134,
    "f0.5_at_0.5": 0.4338456499064728
}