{
  "roc_auc": 0.9922244549747871,
  "pr_auc": 0.9185310247309556,
  "brier": 0.01817659448740139,
  "logloss": 0.06489033653003684,
  "best_f05": 0.8899124191257693,
  "confusion_matrix": [
    [
      95406,
      1342
    ],
    [
      1109,
      9363
    ]
  ]
}